id,symbol,entry_time,entry_date,entry_price,qty,score,strategy,factors_json,context_json,status,exit_time,exit_price,exit_reason,pnl_pct,pnl_absolute,net_pnl_pct,net_pnl_absolute,time_held_hours,max_profit_pct,max_drawdown_pct,peak_price,trough_price,is_win,created_at,updated_at,contaminated
1,ARBUSDT,1789516856.146448,2026-09-16,0.1521,67.9,76.41,switch,"{""technical"": 0, ""trend"": 0, ""volume"": 0, ""sentiment"": 0, ""price_action"": 0, ""obv_divergence"": 0, ""consolidation"": 0, ""bb_squeeze"": 0, ""rsi_divergence"": 0, ""onchain"": 0, ""market_sentiment"": 0}","{""regime"": """", ""fng_score"": 0, ""fng_label"": """", ""btc_trend"": """", ""kelly_pct"": 0, ""kelly_win_rate"": 0, ""kelly_confidence"": """", ""stop_loss_pct"": 0, ""tp1_pct"": 0, ""tp2_pct"": 0, ""tp3_pct"": 0, ""max_hold_hours"": 72, ""research_adj"": 0, ""bear_score"": 0, ""bear_veto"": false}",abandoned,1790234669.6569116,,reconcile_cleanup_0924,,,,,,,,0.1521,0.1521,,1789516856.146448,1789516856.146448,0
2,NEARUSDT,1789585858.6145577,2026-09-17,2.558,18.6813,78.93,dca,"{""technical"": 60.0, ""trend"": 60.0, ""volume"": 100.0, ""sentiment"": 60.0, ""price_action"": 100.0, ""obv_divergence"": 50.0, ""consolidation"": 75.0, ""bb_squeeze"": 30.0, ""rsi_divergence"": 30.0, ""onchain"": 33.3, ""market_sentiment"": 59.0}","{""regime"": ""NEUTRAL"", ""fng_score"": 51, ""fng_label"": ""Neutral"", ""btc_trend"": ""NEUTRAL"", ""kelly_pct"": 12.0, ""kelly_win_rate"": 0, ""kelly_confidence"": ""FALLBACK (tier-based, insufficient history)"", ""stop_loss_pct"": 6.0, ""tp1_pct"": 10.0, ""tp2_pct"": 16.0, ""tp3_pct"": 25.0, ""max_hold_hours"": 48, ""research_adj"": 0.0, ""bear_score"": 25.0, ""bear_veto"": false}",open,,,,,,,,,,,2.558,2.558,,1789585858.6145577,1789585858.6145577,0
3,HEIUSDT,1789588862.2118816,2026-09-17,0.1388,303.2964,73.31,dca,"{""technical"": 67.0, ""trend"": 40.0, ""volume"": 20.0, ""sentiment"": 100.0, ""price_action"": 100.0, ""obv_divergence"": 50.0, ""consolidation"": 95.0, ""bb_squeeze"": 30.0, ""rsi_divergence"": 30.0, ""onchain"": 33.6, ""market_sentiment"": 59.0}","{""regime"": ""NEUTRAL"", ""fng_score"": 51, ""fng_label"": ""Neutral"", ""btc_trend"": ""NEUTRAL"", ""kelly_pct"": 12.0, ""kelly_win_rate"": 0, ""kelly_confidence"": ""FALLBACK (tier-based, insufficient history)"", ""stop_loss_pct"": 6.0, ""tp1_pct"": 10.0, ""tp2_pct"": 16.0, ""tp3_pct"": 25.0, ""max_hold_hours"": 48, ""research_adj"": 0.0, ""bear_score"": 15.0, ""bear_veto"": false}",closed,1789647087.615333,0.1246,switch,-10.2305,-4.306809,-10.4305,-4.391004,16.17,0.0,-10.2305,0.1388,0.1246,0,1789588862.2118816,1789647087.615333,1
4,UNIUSDT,1789592470.861315,2026-09-17,6.494,6.11388,69.4,dca,"{""technical"": 50.0, ""trend"": 45.0, ""volume"": 50.0, ""sentiment"": 76.6, ""price_action"": 100.0, ""obv_divergence"": 30.0, ""consolidation"": 70.0, ""bb_squeeze"": 30.0, ""rsi_divergence"": 30.0, ""onchain"": 35.6, ""market_sentiment"": 59.0}","{""regime"": ""NEUTRAL"", ""fng_score"": 51, ""fng_label"": ""Neutral"", ""btc_trend"": ""NEUTRAL"", ""kelly_pct"": 12.9, ""kelly_win_rate"": 0, ""kelly_confidence"": ""FALLBACK (tier-based, insufficient history)"", ""stop_loss_pct"": 6.0, ""tp1_pct"": 10.0, ""tp2_pct"": 16.0, ""tp3_pct"": 25.0, ""max_hold_hours"": 48, ""research_adj"": 0.0, ""bear_score"": 5, ""bear_veto"": false}",abandoned,1790234669.6569116,,reconcile_cleanup_0924,,,,,,,,6.494,6.494,,1789592470.861315,1789592470.861315,0
5,DASHUSDT,1789595470.0053937,2026-09-17,56.36,0.472527,70.27,dca,"{""technical"": 52.0, ""trend"": 30.0, ""volume"": 50.0, ""sentiment"": 100.0, ""price_action"": 100.0, ""obv_divergence"": 50.0, ""consolidation"": 70.0, ""bb_squeeze"": 30.0, ""rsi_divergence"": 30.0, ""onchain"": 34.8, ""market_sentiment"": 59.0}","{""regime"": ""NEUTRAL"", ""fng_score"": 51, ""fng_label"": ""Neutral"", ""btc_trend"": ""NEUTRAL"", ""kelly_pct"": 9.9, ""kelly_win_rate"": 0, ""kelly_confidence"": ""FALLBACK (tier-based, insufficient history)"", ""stop_loss_pct"": 6.0, ""tp1_pct"": 10.0, ""tp2_pct"": 16.0, ""tp3_pct"": 25.0, ""max_hold_hours"": 48, ""research_adj"": 0.0, ""bear_score"": 15.0, ""bear_veto"": false}",closed,1789647070.6683528,57.85,switch,2.6437,0.704065,2.4437,0.650802,14.33,2.6437,0.0,57.85,56.36,1,1789595470.0053937,1789647070.6683528,1
6,ARBUSDT,1789602684.724707,2026-09-17,0.1693,125.6064,75.49,dca,"{""technical"": 67.0, ""trend"": 50.0, ""volume"": 60.0, ""sentiment"": 76.6, ""price_action"": 100.0, ""obv_divergence"": 30.0, ""consolidation"": 95.0, ""bb_squeeze"": 50.0, ""rsi_divergence"": 30.0, ""onchain"": 33.5, ""market_sentiment"": 59.0}","{""regime"": ""NEUTRAL"", ""fng_score"": 51, ""fng_label"": ""Neutral"", ""btc_trend"": ""NEUTRAL"", ""kelly_pct"": 8.3, ""kelly_win_rate"": 0, ""kelly_confidence"": ""FALLBACK (tier-based, insufficient history)"", ""stop_loss_pct"": 6.0, ""tp1_pct"": 10.0, ""tp2_pct"": 16.0, ""tp3_pct"": 25.0, ""max_hold_hours"": 48, ""research_adj"": 0.0, ""bear_score"": 15.0, ""bear_veto"": false}",closed,1789651885.3436744,0.16260000000000002,switch,-3.9575,-0.841563,-4.1575,-0.884093,13.67,0.0,-3.9575,0.1693,0.16260000000000002,0,1789602684.724707,1789651885.3436744,1
7,UNIUSDT,1789647080.7046387,2026-09-17,6.98,3.89,80.05,switch,"{""technical"": 0, ""trend"": 0, ""volume"": 0, ""sentiment"": 0, ""price_action"": 0, ""obv_divergence"": 0, ""consolidation"": 0, ""bb_squeeze"": 0, ""rsi_divergence"": 0, ""onchain"": 0, ""market_sentiment"": 0}","{""regime"": """", ""fng_score"": 0, ""fng_label"": """", ""btc_trend"": """", ""kelly_pct"": 0, ""kelly_win_rate"": 0, ""kelly_confidence"": """", ""stop_loss_pct"": 0, ""tp1_pct"": 0, ""tp2_pct"": 0, ""tp3_pct"": 0, ""max_hold_hours"": 72, ""research_adj"": 0, ""bear_score"": 0, ""bear_veto"": false}",closed,1789741917.894698,8.761000000000001,switch,25.5158,6.92809,25.3158,6.873786,26.34,25.5158,0.0,8.761000000000001,6.98,1,1789647080.7046387,1789741917.894698,1
8,NEARUSDT,1789647088.0128193,2026-09-17,2.866,8.6,76.18,switch,"{""technical"": 0, ""trend"": 0, ""volume"": 0, ""sentiment"": 0, ""price_action"": 0, ""obv_divergence"": 0, ""consolidation"": 0, ""bb_squeeze"": 0, ""rsi_divergence"": 0, ""onchain"": 0, ""market_sentiment"": 0}","{""regime"": """", ""fng_score"": 0, ""fng_label"": """", ""btc_trend"": """", ""kelly_pct"": 0, ""kelly_win_rate"": 0, ""kelly_confidence"": """", ""stop_loss_pct"": 0, ""tp1_pct"": 0, ""tp2_pct"": 0, ""tp3_pct"": 0, ""max_hold_hours"": 72, ""research_adj"": 0, ""bear_score"": 0, ""bear_veto"": false}",open,,,,,,,,,,,2.866,2.866,,1789647088.0128193,1789647088.0128193,0
9,SAGAUSDT,1789647125.381214,2026-09-17,0.02067,1206.1926,71.96,dca,"{""technical"": 65.0, ""trend"": 60.0, ""volume"": 25.0, ""sentiment"": 60.0, ""price_action"": 100.0, ""obv_divergence"": 50.0, ""consolidation"": 30.0, ""bb_squeeze"": 30.0, ""rsi_divergence"": 30.0, ""onchain"": 54.5, ""market_sentiment"": 60.0}","{""regime"": ""NEUTRAL"", ""fng_score"": 50, ""fng_label"": ""Neutral"", ""btc_trend"": ""NEUTRAL"", ""kelly_pct"": 9.9, ""kelly_win_rate"": 0, ""kelly_confidence"": ""FALLBACK (tier-based, insufficient history)"", ""stop_loss_pct"": 6.0, ""tp1_pct"": 10.0, ""tp2_pct"": 16.0, ""tp3_pct"": 25.0, ""max_hold_hours"": 48, ""research_adj"": 0.0, ""bear_score"": 5, ""bear_veto"": false}",closed,1789727468.7081103,0.02146,switch,3.822,0.952892,3.622,0.903028,22.32,3.822,0.0,0.02146,0.02067,1,1789647125.381214,1789727468.7081103,1
10,DOTUSDT,1789651895.47502,2026-09-17,1.036,19.63,78.43,switch,"{""technical"": 0, ""trend"": 0, ""volume"": 0, ""sentiment"": 0, ""price_action"": 0, ""obv_divergence"": 0, ""consolidation"": 0, ""bb_squeeze"": 0, ""rsi_divergence"": 0, ""onchain"": 0, ""market_sentiment"": 0}","{""regime"": """", ""fng_score"": 0, ""fng_label"": """", ""btc_trend"": """", ""kelly_pct"": 0, ""kelly_win_rate"": 0, ""kelly_confidence"": """", ""stop_loss_pct"": 0, ""tp1_pct"": 0, ""tp2_pct"": 0, ""tp3_pct"": 0, ""max_hold_hours"": 72, ""research_adj"": 0, ""bear_score"": 0, ""bear_veto"": false}",closed,1789750875.3801427,1.133,switch,9.3629,1.90411,9.1629,1.863437,27.49,9.3629,0.0,1.133,1.036,1,1789651895.47502,1789750875.3801427,1
11,BNBUSDT,1789651944.8422694,2026-09-17,727.53,0.00899376,73.63,dca,"{""technical"": 67.0, ""trend"": 60.0, ""volume"": 50.0, ""sentiment"": 60.0, ""price_action"": 50.0, ""obv_divergence"": 50.0, ""consolidation"": 75.0, ""bb_squeeze"": 50.0, ""rsi_divergence"": 30.0, ""onchain"": 53.8, ""market_sentiment"": 60.0}","{""regime"": ""NEUTRAL"", ""fng_score"": 50, ""fng_label"": ""Neutral"", ""btc_trend"": ""NEUTRAL"", ""kelly_pct"": 2.6, ""kelly_win_rate"": 0, ""kelly_confidence"": ""FALLBACK (tier-based, insufficient history)"", ""stop_loss_pct"": 6.0, ""tp1_pct"": 10.0, ""tp2_pct"": 16.0, ""tp3_pct"": 25.0, ""max_hold_hours"": 48, ""research_adj"": 0.0, ""bear_score"": 15.0, ""bear_veto"": false}",closed,1789713063.2424593,752.8299999999999,switch,3.4775,0.227542,3.2775,0.214456,16.98,3.4775,0.0,752.8299999999999,727.53,1,1789651944.8422694,1789713063.2424593,1
12,XAUTUSDT,1789713070.2441306,2026-09-18,4389.85,0.0015,74.33,switch,"{""technical"": 0, ""trend"": 0, ""volume"": 0, ""sentiment"": 0, ""price_action"": 0, ""obv_divergence"": 0, ""consolidation"": 0, ""bb_squeeze"": 0, ""rsi_divergence"": 0, ""onchain"": 0, ""market_sentiment"": 0}","{""regime"": """", ""fng_score"": 0, ""fng_label"": """", ""btc_trend"": """", ""kelly_pct"": 0, ""kelly_win_rate"": 0, ""kelly_confidence"": """", ""stop_loss_pct"": 0, ""tp1_pct"": 0, ""tp2_pct"": 0, ""tp3_pct"": 0, ""max_hold_hours"": 72, ""research_adj"": 0, ""bear_score"": 0, ""bear_veto"": false}",closed,1789770664.3164394,4377.62,switch,-0.2786,-0.018345,-0.4786,-0.031515,16.0,0.0,-0.2786,4389.85,4377.62,0,1789713070.2441306,1789770664.3164394,1
13,DASHUSDT,1789727474.4434369,2026-09-18,59.63,0.431,77.06,switch,"{""technical"": 0, ""trend"": 0, ""volume"": 0, ""sentiment"": 0, ""price_action"": 0, ""obv_divergence"": 0, ""consolidation"": 0, ""bb_squeeze"": 0, ""rsi_divergence"": 0, ""onchain"": 0, ""market_sentiment"": 0}","{""regime"": """", ""fng_score"": 0, ""fng_label"": """", ""btc_trend"": """", ""kelly_pct"": 0, ""kelly_win_rate"": 0, ""kelly_confidence"": """", ""stop_loss_pct"": 0, ""tp1_pct"": 0, ""tp2_pct"": 0, ""tp3_pct"": 0, ""max_hold_hours"": 72, ""research_adj"": 0, ""bear_score"": 0, ""bear_veto"": false}",closed,1789741892.4753585,59.47,switch,-0.2683,-0.06896,-0.4683,-0.120361,4.01,0.0,-0.2683,59.63,59.47,0,1789727474.4434369,1789741892.4753585,1
14,ZECUSDT,1789741905.5083826,2026-09-18,1468.13,0.017,80.02,switch,"{""technical"": 0, ""trend"": 0, ""volume"": 0, ""sentiment"": 0, ""price_action"": 0, ""obv_divergence"": 0, ""consolidation"": 0, ""bb_squeeze"": 0, ""rsi_divergence"": 0, ""onchain"": 0, ""market_sentiment"": 0}","{""regime"": """", ""fng_score"": 0, ""fng_label"": """", ""btc_trend"": """", ""kelly_pct"": 0, ""kelly_win_rate"": 0, ""kelly_confidence"": """", ""stop_loss_pct"": 0, ""tp1_pct"": 0, ""tp2_pct"": 0, ""tp3_pct"": 0, ""max_hold_hours"": 72, ""research_adj"": 0, ""bear_score"": 0, ""bear_veto"": false}",closed,1789809663.5856423,1565.9899999999998,switch,6.6656,1.66362,6.4656,1.613704,18.82,6.6656,0.0,1565.9899999999998,1468.13,1,1789741905.5083826,1789809663.5856423,1
15,LSKUSDT,1789741918.5101972,2026-09-18,0.4909,106.0,77.16,switch,"{""technical"": 0, ""trend"": 0, ""volume"": 0, ""sentiment"": 0, ""price_action"": 0, ""obv_divergence"": 0, ""consolidation"": 0, ""bb_squeeze"": 0, ""rsi_divergence"": 0, ""onchain"": 0, ""market_sentiment"": 0}","{""regime"": """", ""fng_score"": 0, ""fng_label"": """", ""btc_trend"": """", ""kelly_pct"": 0, ""kelly_win_rate"": 0, ""kelly_confidence"": """", ""stop_loss_pct"": 0, ""tp1_pct"": 0, ""tp2_pct"": 0, ""tp3_pct"": 0, ""max_hold_hours"": 72, ""research_adj"": 0, ""bear_score"": 0, ""bear_veto"": false}",abandoned,1790234669.6569116,,reconcile_cleanup_0924,,,,,,,,0.4909,0.4909,,1789741918.5101972,1789741918.5101972,0
16,INJUSDT,1789750882.2971056,2026-09-19,6.596,3.35,74.83,switch,"{""technical"": 0, ""trend"": 0, ""volume"": 0, ""sentiment"": 0, ""price_action"": 0, ""obv_divergence"": 0, ""consolidation"": 0, ""bb_squeeze"": 0, ""rsi_divergence"": 0, ""onchain"": 0, ""market_sentiment"": 0}","{""regime"": """", ""fng_score"": 0, ""fng_label"": """", ""btc_trend"": """", ""kelly_pct"": 0, ""kelly_win_rate"": 0, ""kelly_confidence"": """", ""stop_loss_pct"": 0, ""tp1_pct"": 0, ""tp2_pct"": 0, ""tp3_pct"": 0, ""max_hold_hours"": 72, ""research_adj"": 0, ""bear_score"": 0, ""bear_veto"": false}",closed,1789771262.8828928,6.547,switch,-0.7429,-0.16415,-0.9429,-0.208343,5.66,0.0,-0.7429,6.596,6.547,0,1789750882.2971056,1789771262.8828928,1
17,DASHUSDT,1789770672.19321,2026-09-19,61.7,0.105,75.77,switch,"{""technical"": 0, ""trend"": 0, ""volume"": 0, ""sentiment"": 0, ""price_action"": 0, ""obv_divergence"": 0, ""consolidation"": 0, ""bb_squeeze"": 0, ""rsi_divergence"": 0, ""onchain"": 0, ""market_sentiment"": 0}","{""regime"": """", ""fng_score"": 0, ""fng_label"": """", ""btc_trend"": """", ""kelly_pct"": 0, ""kelly_win_rate"": 0, ""kelly_confidence"": """", ""stop_loss_pct"": 0, ""tp1_pct"": 0, ""tp2_pct"": 0, ""tp3_pct"": 0, ""max_hold_hours"": 72, ""research_adj"": 0, ""bear_score"": 0, ""bear_veto"": false}",closed,1789838458.0529783,59.32,switch,-3.8574,-0.2499,-4.0574,-0.262857,18.83,0.0,-3.8574,61.7,59.32,0,1789770672.19321,1789838458.0529783,1
18,BCHUSDT,1789770689.478161,2026-09-19,263.4,0.023,74.58,dca,"{""technical"": 58.0, ""trend"": 35.0, ""volume"": 75.0, ""sentiment"": 60.0, ""price_action"": 50.0, ""obv_divergence"": 50.0, ""consolidation"": 95.0, ""bb_squeeze"": 86.7, ""rsi_divergence"": 30.0, ""onchain"": 81.9, ""market_sentiment"": 54.0}","{""regime"": ""NEUTRAL"", ""fng_score"": 56, ""fng_label"": ""Greed"", ""btc_trend"": ""BULLISH"", ""kelly_pct"": 1.9, ""kelly_win_rate"": 55.6, ""kelly_confidence"": ""MEDIUM"", ""stop_loss_pct"": 8.0, ""tp1_pct"": 13.0, ""tp2_pct"": 20.8, ""tp3_pct"": 32.5, ""max_hold_hours"": 48, ""research_adj"": 0.0, ""bear_score"": 25.0, ""bear_veto"": false}",open,,,,,,,,,,,263.4,263.4,,1789770689.478161,1789770689.478161,0
19,BCHUSDT,1789771269.0169344,2026-09-19,264.4,0.082,75.98,switch,"{""technical"": 0, ""trend"": 0, ""volume"": 0, ""sentiment"": 0, ""price_action"": 0, ""obv_divergence"": 0, ""consolidation"": 0, ""bb_squeeze"": 0, ""rsi_divergence"": 0, ""onchain"": 0, ""market_sentiment"": 0}","{""regime"": """", ""fng_score"": 0, ""fng_label"": """", ""btc_trend"": """", ""kelly_pct"": 0, ""kelly_win_rate"": 0, ""kelly_confidence"": """", ""stop_loss_pct"": 0, ""tp1_pct"": 0, ""tp2_pct"": 0, ""tp3_pct"": 0, ""max_hold_hours"": 72, ""research_adj"": 0, ""bear_score"": 0, ""bear_veto"": false}",closed,1789839056.6220167,255.10000000000002,switch,-3.5174,-0.7626,-3.7174,-0.805962,18.83,0.0,-3.5174,264.4,255.10000000000002,0,1789771269.0169344,1789839056.6220167,1
20,ENAUSDT,1789809671.86767,2026-09-19,0.1887,140.41,84.67,switch,"{""technical"": 0, ""trend"": 0, ""volume"": 0, ""sentiment"": 0, ""price_action"": 0, ""obv_divergence"": 0, ""consolidation"": 0, ""bb_squeeze"": 0, ""rsi_divergence"": 0, ""onchain"": 0, ""market_sentiment"": 0}","{""regime"": """", ""fng_score"": 0, ""fng_label"": """", ""btc_trend"": """", ""kelly_pct"": 0, ""kelly_win_rate"": 0, ""kelly_confidence"": """", ""stop_loss_pct"": 0, ""tp1_pct"": 0, ""tp2_pct"": 0, ""tp3_pct"": 0, ""max_hold_hours"": 72, ""research_adj"": 0, ""bear_score"": 0, ""bear_veto"": false}",closed,1790058656.2983787,0.2117,switch,12.1887,3.22943,11.9887,3.176439,69.16,12.1887,0.0,0.2117,0.1887,1,1789809671.86767,1790058656.2983787,1
21,NEARUSDT,1789838461.49302,2026-09-20,3.609,1.7,77.18,switch,"{""technical"": 0, ""trend"": 0, ""volume"": 0, ""sentiment"": 0, ""price_action"": 0, ""obv_divergence"": 0, ""consolidation"": 0, ""bb_squeeze"": 0, ""rsi_divergence"": 0, ""onchain"": 0, ""market_sentiment"": 0}","{""regime"": """", ""fng_score"": 0, ""fng_label"": """", ""btc_trend"": """", ""kelly_pct"": 0, ""kelly_win_rate"": 0, ""kelly_confidence"": """", ""stop_loss_pct"": 0, ""tp1_pct"": 0, ""tp2_pct"": 0, ""tp3_pct"": 0, ""max_hold_hours"": 72, ""research_adj"": 0, ""bear_score"": 0, ""bear_veto"": false}",closed,1789860657.787778,3.596,switch,-0.3602,-0.0221,-0.5602,-0.034371,6.17,0.0,-0.3602,3.609,3.596,0,1789838461.49302,1789860657.787778,1
22,SUIUSDT,1789839064.384656,2026-09-20,0.8608,6.9,79.07,switch,"{""technical"": 0, ""trend"": 0, ""volume"": 0, ""sentiment"": 0, ""price_action"": 0, ""obv_divergence"": 0, ""consolidation"": 0, ""bb_squeeze"": 0, ""rsi_divergence"": 0, ""onchain"": 0, ""market_sentiment"": 0}","{""regime"": """", ""fng_score"": 0, ""fng_label"": """", ""btc_trend"": """", ""kelly_pct"": 0, ""kelly_win_rate"": 0, ""kelly_confidence"": """", ""stop_loss_pct"": 0, ""tp1_pct"": 0, ""tp2_pct"": 0, ""tp3_pct"": 0, ""max_hold_hours"": 72, ""research_adj"": 0, ""bear_score"": 0, ""bear_veto"": false}",abandoned,1790234669.6569116,,reconcile_cleanup_0924,,,,,,,,0.8608,0.8608,,1789839064.384656,1789839064.384656,0
23,FILUSDT,1789845672.7548344,2026-09-20,1.0381,25.56,77.52,bollinger,"{""technical"": 67.0, ""trend"": 50.0, ""volume"": 90.0, ""sentiment"": 60.0, ""price_action"": 100.0, ""obv_divergence"": 50.0, ""consolidation"": 30.0, ""bb_squeeze"": 30.0, ""rsi_divergence"": 30.0, ""onchain"": 86.3, ""market_sentiment"": 39.0}","{""regime"": ""GREED"", ""fng_score"": 71, ""fng_label"": ""Greed"", ""btc_trend"": ""BULLISH"", ""kelly_pct"": 8.0, ""kelly_win_rate"": 46.2, ""kelly_confidence"": ""MEDIUM"", ""stop_loss_pct"": 6.0, ""tp1_pct"": 10.0, ""tp2_pct"": 16.0, ""tp3_pct"": 25.0, ""max_hold_hours"": 48, ""research_adj"": 0.0, ""bear_score"": 15.0, ""bear_veto"": false}",closed,1789893060.185645,0.9519,switch,-8.3036,-2.203272,-8.5036,-2.25634,13.16,0.0,-8.3036,1.0381,0.9519,0,1789845672.7548344,1789893060.185645,1
24,INJUSDT,1789860665.27811,2026-09-20,8.049,7.45,79.97,switch,"{""technical"": 0, ""trend"": 0, ""volume"": 0, ""sentiment"": 0, ""price_action"": 0, ""obv_divergence"": 0, ""consolidation"": 0, ""bb_squeeze"": 0, ""rsi_divergence"": 0, ""onchain"": 0, ""market_sentiment"": 0}","{""regime"": """", ""fng_score"": 0, ""fng_label"": """", ""btc_trend"": """", ""kelly_pct"": 0, ""kelly_win_rate"": 0, ""kelly_confidence"": """", ""stop_loss_pct"": 0, ""tp1_pct"": 0, ""tp2_pct"": 0, ""tp3_pct"": 0, ""max_hold_hours"": 72, ""research_adj"": 0, ""bear_score"": 0, ""bear_veto"": false}",open,,,,,,,,,,,8.049,8.049,,1789860665.27811,1789860665.27811,0
25,TRXUSDT,1789893068.0891838,2026-09-20,0.3417,46.7,72.96,switch,"{""technical"": 0, ""trend"": 0, ""volume"": 0, ""sentiment"": 0, ""price_action"": 0, ""obv_divergence"": 0, ""consolidation"": 0, ""bb_squeeze"": 0, ""rsi_divergence"": 0, ""onchain"": 0, ""market_sentiment"": 0}","{""regime"": """", ""fng_score"": 0, ""fng_label"": """", ""btc_trend"": """", ""kelly_pct"": 0, ""kelly_win_rate"": 0, ""kelly_confidence"": """", ""stop_loss_pct"": 0, ""tp1_pct"": 0, ""tp2_pct"": 0, ""tp3_pct"": 0, ""max_hold_hours"": 72, ""research_adj"": 0, ""bear_score"": 0, ""bear_veto"": false}",closed,1789984304.2649236,0.3443,switch,0.7609,0.12142,0.5609,0.089505,25.34,0.7609,0.0,0.3443,0.3417,1,1789893068.0891838,1789984304.2649236,1
26,CAKEUSDT,1789896665.790844,2026-09-20,2.473,2.43,76.83,bollinger,"{""technical"": 50.0, ""trend"": 70.0, ""volume"": 65.0, ""sentiment"": 60.0, ""price_action"": 100.0, ""obv_divergence"": 50.0, ""consolidation"": 75.0, ""bb_squeeze"": 30.0, ""rsi_divergence"": 79.0, ""onchain"": 50.9, ""market_sentiment"": 39.0}","{""regime"": ""GREED"", ""fng_score"": 71, ""fng_label"": ""Greed"", ""btc_trend"": ""BULLISH"", ""kelly_pct"": 1.6, ""kelly_win_rate"": 40.0, ""kelly_confidence"": ""MEDIUM"", ""stop_loss_pct"": 4.8, ""tp1_pct"": 8.0, ""tp2_pct"": 12.8, ""tp3_pct"": 20.0, ""max_hold_hours"": 48, ""research_adj"": 0.0, ""bear_score"": 5, ""bear_veto"": false}",closed,1789984330.2888834,2.529,switch,2.2645,0.13608,2.0645,0.124061,24.35,2.2645,0.0,2.529,2.473,1,1789896665.790844,1789984330.2888834,1
27,ZAMAUSDT,1789910506.4127946,2026-09-20,0.09406,64.0,77.03,bollinger,"{""technical"": 67.0, ""trend"": 75.0, ""volume"": 75.0, ""sentiment"": 60.0, ""price_action"": 100.0, ""obv_divergence"": 50.0, ""consolidation"": 30.0, ""bb_squeeze"": 50.0, ""rsi_divergence"": 30.0, ""onchain"": 52.6, ""market_sentiment"": 39.0}","{""regime"": ""GREED"", ""fng_score"": 71, ""fng_label"": ""Greed"", ""btc_trend"": ""BULLISH"", ""kelly_pct"": 1.6, ""kelly_win_rate"": 40.0, ""kelly_confidence"": ""MEDIUM"", ""stop_loss_pct"": 6.6, ""tp1_pct"": 11.0, ""tp2_pct"": 17.6, ""tp3_pct"": 27.5, ""max_hold_hours"": 48, ""research_adj"": 0.0, ""bear_score"": 15.0, ""bear_veto"": false}",abandoned,1790234669.6569116,,reconcile_cleanup_0924,,,,,,,,0.09406,0.09406,,1789910506.4127946,1789910506.4127946,0
28,HBARUSDT,1789914723.8545172,2026-09-20,0.08602,70.0,78.18,bollinger,"{""technical"": 60.0, ""trend"": 60.0, ""volume"": 80.0, ""sentiment"": 60.0, ""price_action"": 100.0, ""obv_divergence"": 50.0, ""consolidation"": 95.0, ""bb_squeeze"": 30.0, ""rsi_divergence"": 30.0, ""onchain"": 53.7, ""market_sentiment"": 39.0}","{""regime"": ""GREED"", ""fng_score"": 71, ""fng_label"": ""Greed"", ""btc_trend"": ""BULLISH"", ""kelly_pct"": 1.7, ""kelly_win_rate"": 40.0, ""kelly_confidence"": ""MEDIUM"", ""stop_loss_pct"": 7.2, ""tp1_pct"": 9.0, ""tp2_pct"": 14.4, ""tp3_pct"": 22.5, ""max_hold_hours"": 48, ""research_adj"": 0.0, ""bear_score"": 25.0, ""bear_veto"": false}",open,,,,,,,,,,,0.08602,0.08602,,1789914723.8545172,1789914723.8545172,0
29,STRKUSDT,1789915915.3099341,2026-09-20,0.04635,129.45,75.17,bollinger,"{""technical"": 65.0, ""trend"": 65.0, ""volume"": 75.0, ""sentiment"": 60.0, ""price_action"": 100.0, ""obv_divergence"": 50.0, ""consolidation"": 30.0, ""bb_squeeze"": 50.0, ""rsi_divergence"": 30.0, ""onchain"": 53.9, ""market_sentiment"": 39.0}","{""regime"": ""GREED"", ""fng_score"": 71, ""fng_label"": ""Greed"", ""btc_trend"": ""BULLISH"", ""kelly_pct"": 1.7, ""kelly_win_rate"": 40.0, ""kelly_confidence"": ""MEDIUM"", ""stop_loss_pct"": 5.4, ""tp1_pct"": 9.0, ""tp2_pct"": 14.4, ""tp3_pct"": 22.5, ""max_hold_hours"": 48, ""research_adj"": 0.0, ""bear_score"": 5, ""bear_veto"": false}",closed,1789984344.6451223,0.04796,switch,3.4736,0.208415,3.2736,0.196414,19.01,3.4736,0.0,0.04796,0.04635,1,1789915915.3099341,1789984344.6451223,1
30,FETUSDT,1789984317.1160457,2026-09-21,0.189,84.6,81.44,switch,"{""technical"": 0, ""trend"": 0, ""volume"": 0, ""sentiment"": 0, ""price_action"": 0, ""obv_divergence"": 0, ""consolidation"": 0, ""bb_squeeze"": 0, ""rsi_divergence"": 0, ""onchain"": 0, ""market_sentiment"": 0}","{""regime"": """", ""fng_score"": 0, ""fng_label"": """", ""btc_trend"": """", ""kelly_pct"": 0, ""kelly_win_rate"": 0, ""kelly_confidence"": """", ""stop_loss_pct"": 0, ""tp1_pct"": 0, ""tp2_pct"": 0, ""tp3_pct"": 0, ""max_hold_hours"": 72, ""research_adj"": 0, ""bear_score"": 0, ""bear_veto"": false}",abandoned,1790234669.6569116,,reconcile_cleanup_0924,,,,,,,,0.189,0.189,,1789984317.1160457,1789984317.1160457,0
31,WLDUSDT,1789984333.1065552,2026-09-21,0.451,13.5,81.15,switch,"{""technical"": 0, ""trend"": 0, ""volume"": 0, ""sentiment"": 0, ""price_action"": 0, ""obv_divergence"": 0, ""consolidation"": 0, ""bb_squeeze"": 0, ""rsi_divergence"": 0, ""onchain"": 0, ""market_sentiment"": 0}","{""regime"": """", ""fng_score"": 0, ""fng_label"": """", ""btc_trend"": """", ""kelly_pct"": 0, ""kelly_win_rate"": 0, ""kelly_confidence"": """", ""stop_loss_pct"": 0, ""tp1_pct"": 0, ""tp2_pct"": 0, ""tp3_pct"": 0, ""max_hold_hours"": 72, ""research_adj"": 0, ""bear_score"": 0, ""bear_veto"": false}",closed,1790006542.339913,0.4405,switch,-2.3282,-0.14175,-2.5282,-0.153927,6.17,0.0,-2.3282,0.451,0.4405,0,1789984333.1065552,1790006542.339913,1
32,BNBUSDT,1789984347.707645,2026-09-21,782.87,0.007,77.95,switch,"{""technical"": 0, ""trend"": 0, ""volume"": 0, ""sentiment"": 0, ""price_action"": 0, ""obv_divergence"": 0, ""consolidation"": 0, ""bb_squeeze"": 0, ""rsi_divergence"": 0, ""onchain"": 0, ""market_sentiment"": 0}","{""regime"": """", ""fng_score"": 0, ""fng_label"": """", ""btc_trend"": """", ""kelly_pct"": 0, ""kelly_win_rate"": 0, ""kelly_confidence"": """", ""stop_loss_pct"": 0, ""tp1_pct"": 0, ""tp2_pct"": 0, ""tp3_pct"": 0, ""max_hold_hours"": 72, ""research_adj"": 0, ""bear_score"": 0, ""bear_veto"": false}",closed,1790054459.0197756,784.75,switch,0.2401,0.01316,0.0401,0.0022,19.48,0.2401,0.0,784.75,782.87,1,1789984347.707645,1790054459.0197756,1
33,PROVEUSDT,1790006549.5217597,2026-09-22,0.248,24.1,77.91,switch,"{""technical"": 0, ""trend"": 0, ""volume"": 0, ""sentiment"": 0, ""price_action"": 0, ""obv_divergence"": 0, ""consolidation"": 0, ""bb_squeeze"": 0, ""rsi_divergence"": 0, ""onchain"": 0, ""market_sentiment"": 0}","{""regime"": """", ""fng_score"": 0, ""fng_label"": """", ""btc_trend"": """", ""kelly_pct"": 0, ""kelly_win_rate"": 0, ""kelly_confidence"": """", ""stop_loss_pct"": 0, ""tp1_pct"": 0, ""tp2_pct"": 0, ""tp3_pct"": 0, ""max_hold_hours"": 72, ""research_adj"": 0, ""bear_score"": 0, ""bear_veto"": false}",abandoned,1790234669.6569116,,reconcile_cleanup_0924,,,,,,,,0.248,0.248,,1790006549.5217597,1790006549.5217597,0
34,TRUMPUSDT,1790054467.3475528,2026-09-22,2.122,2.827,72.99,switch,"{""technical"": 0, ""trend"": 0, ""volume"": 0, ""sentiment"": 0, ""price_action"": 0, ""obv_divergence"": 0, ""consolidation"": 0, ""bb_squeeze"": 0, ""rsi_divergence"": 0, ""onchain"": 0, ""market_sentiment"": 0}","{""regime"": """", ""fng_score"": 0, ""fng_label"": """", ""btc_trend"": """", ""kelly_pct"": 0, ""kelly_win_rate"": 0, ""kelly_confidence"": """", ""stop_loss_pct"": 0, ""tp1_pct"": 0, ""tp2_pct"": 0, ""tp3_pct"": 0, ""max_hold_hours"": 72, ""research_adj"": 0, ""bear_score"": 0, ""bear_veto"": false}",closed,1790073655.7382436,2.146,switch,1.131,0.067848,0.931,0.05585,5.33,1.131,0.0,2.146,2.122,1,1790054467.3475528,1790073655.7382436,1
35,NEARUSDT,1790058662.1518588,2026-09-22,4.398,3.3,75.42,switch,"{""technical"": 0, ""trend"": 0, ""volume"": 0, ""sentiment"": 0, ""price_action"": 0, ""obv_divergence"": 0, ""consolidation"": 0, ""bb_squeeze"": 0, ""rsi_divergence"": 0, ""onchain"": 0, ""market_sentiment"": 0}","{""regime"": """", ""fng_score"": 0, ""fng_label"": """", ""btc_trend"": """", ""kelly_pct"": 0, ""kelly_win_rate"": 0, ""kelly_confidence"": """", ""stop_loss_pct"": 0, ""tp1_pct"": 0, ""tp2_pct"": 0, ""tp3_pct"": 0, ""max_hold_hours"": 72, ""research_adj"": 0, ""bear_score"": 0, ""bear_veto"": false}",open,,,,,,,,,,,4.398,4.398,,1790058662.1518588,1790058662.1518588,0
36,ZECUSDT,1790065865.5310502,2026-09-22,1504.73,0.026,73.66,bollinger,"{""technical"": 50.0, ""trend"": 70.0, ""volume"": 40.0, ""sentiment"": 60.0, ""price_action"": 50.0, ""obv_divergence"": 100.0, ""consolidation"": 70.0, ""bb_squeeze"": 70.0, ""rsi_divergence"": 30.0, ""onchain"": 54.8, ""market_sentiment"": 32.0}","{""regime"": ""GREED"", ""fng_score"": 78, ""fng_label"": ""Extreme Greed"", ""btc_trend"": ""BULLISH"", ""kelly_pct"": 9.6, ""kelly_win_rate"": 55.0, ""kelly_confidence"": ""MEDIUM"", ""stop_loss_pct"": 4.0, ""tp1_pct"": 11.0, ""tp2_pct"": 17.6, ""tp3_pct"": 27.5, ""max_hold_hours"": 48, ""research_adj"": 0.0, ""bear_score"": 5, ""bear_veto"": false}",open,,,,,,,,,,,1504.73,1504.73,,1790065865.5310502,1790065865.5310502,0
37,BCHUSDT,1790073662.2798948,2026-09-22,273.1,0.022,77.26,switch,"{""technical"": 0, ""trend"": 0, ""volume"": 0, ""sentiment"": 0, ""price_action"": 0, ""obv_divergence"": 0, ""consolidation"": 0, ""bb_squeeze"": 0, ""rsi_divergence"": 0, ""onchain"": 0, ""market_sentiment"": 0}","{""regime"": """", ""fng_score"": 0, ""fng_label"": """", ""btc_trend"": """", ""kelly_pct"": 0, ""kelly_win_rate"": 0, ""kelly_confidence"": """", ""stop_loss_pct"": 0, ""tp1_pct"": 0, ""tp2_pct"": 0, ""tp3_pct"": 0, ""max_hold_hours"": 72, ""research_adj"": 0, ""bear_score"": 0, ""bear_veto"": false}",open,,,,,,,,,,,273.1,273.1,,1790073662.2798948,1790073662.2798948,0
38,BCHUSDT,1790084497.6381254,2026-09-22,314.1,0.019983,82.74,bollinger,"{""technical"": 58.0, ""trend"": 60.0, ""volume"": 75.0, ""sentiment"": 76.6, ""price_action"": 100.0, ""obv_divergence"": 100.0, ""consolidation"": 95.0, ""bb_squeeze"": 30.0, ""rsi_divergence"": 30.0, ""onchain"": 57.5, ""market_sentiment"": 32.0}","{""regime"": ""GREED"", ""fng_score"": 78, ""fng_label"": ""Extreme Greed"", ""btc_trend"": ""BULLISH"", ""kelly_pct"": 1.6, ""kelly_win_rate"": 55.0, ""kelly_confidence"": ""MEDIUM"", ""stop_loss_pct"": 6.34, ""tp1_pct"": 10.0, ""tp2_pct"": 16.0, ""tp3_pct"": 25.0, ""max_hold_hours"": 48, ""research_adj"": 0.0, ""bear_score"": 25.0, ""bear_veto"": false}",open,,,,,,,,,,,314.1,314.1,,1790084497.6381254,1790084497.6381254,0
39,TRUMPUSDT,1790085110.6436381,2026-09-22,2.204,16.487496,81.96,bollinger,"{""technical"": 67.0, ""trend"": 75.0, ""volume"": 70.0, ""sentiment"": 100.0, ""price_action"": 100.0, ""obv_divergence"": 30.0, ""consolidation"": 80.0, ""bb_squeeze"": 50.0, ""rsi_divergence"": 30.0, ""onchain"": 57.5, ""market_sentiment"": 32.0}","{""regime"": ""GREED"", ""fng_score"": 78, ""fng_label"": ""Extreme Greed"", ""btc_trend"": ""BULLISH"", ""kelly_pct"": 9.6, ""kelly_win_rate"": 55.0, ""kelly_confidence"": ""MEDIUM"", ""stop_loss_pct"": 5.28, ""tp1_pct"": 8.0, ""tp2_pct"": 12.8, ""tp3_pct"": 20.0, ""max_hold_hours"": 48, ""research_adj"": 0.0, ""bear_score"": 15.0, ""bear_veto"": false}",closed,1790173309.2240338,2.015,switch,-8.5753,-3.116137,-8.7753,-3.188814,24.5,0.0,-8.5753,2.204,2.015,0,1790085110.6436381,1790173309.2240338,1
40,XRPUSDT,1790088705.168639,2026-09-22,1.5533,3.8961,80.61,bollinger,"{""technical"": 67.0, ""trend"": 75.0, ""volume"": 90.0, ""sentiment"": 60.0, ""price_action"": 50.0, ""obv_divergence"": 50.0, ""consolidation"": 80.0, ""bb_squeeze"": 70.0, ""rsi_divergence"": 30.0, ""onchain"": 57.6, ""market_sentiment"": 32.0}","{""regime"": ""GREED"", ""fng_score"": 78, ""fng_label"": ""Extreme Greed"", ""btc_trend"": ""BULLISH"", ""kelly_pct"": 1.8, ""kelly_win_rate"": 55.0, ""kelly_confidence"": ""MEDIUM"", ""stop_loss_pct"": 4.17, ""tp1_pct"": 8.0, ""tp2_pct"": 12.8, ""tp3_pct"": 20.0, ""max_hold_hours"": 48, ""research_adj"": 0.0, ""bear_score"": 15.0, ""bear_veto"": false}",open,,,,,,,,,,,1.5533,1.5533,,1790088705.168639,1790088705.168639,0
41,DASHUSDT,1790100061.8947446,2026-09-23,64.23,0.512,73.79,bollinger,"{""technical"": 60.0, ""trend"": 60.0, ""volume"": 40.0, ""sentiment"": 60.0, ""price_action"": 100.0, ""obv_divergence"": 50.0, ""consolidation"": 95.0, ""bb_squeeze"": 30.0, ""rsi_divergence"": 30.0, ""onchain"": 58.0, ""market_sentiment"": 32.0}","{""regime"": ""GREED"", ""fng_score"": 78, ""fng_label"": ""Extreme Greed"", ""btc_trend"": ""BULLISH"", ""kelly_pct"": 9.6, ""kelly_win_rate"": 55.0, ""kelly_confidence"": ""MEDIUM"", ""stop_loss_pct"": 5.9, ""tp1_pct"": 11.0, ""tp2_pct"": 17.6, ""tp3_pct"": 27.5, ""max_hold_hours"": 48, ""research_adj"": 0.0, ""bear_score"": 25.0, ""bear_veto"": false}",closed,1790194253.854157,58.18,switch,-9.4193,-3.0976,-9.6193,-3.163372,26.16,0.0,-9.4193,64.23,58.18,0,1790100061.8947446,1790194253.854157,1
42,LTCUSDT,1790118075.3157327,2026-09-23,63.1,0.281718,73.87,bollinger,"{""technical"": 67.0, ""trend"": 75.0, ""volume"": 40.0, ""sentiment"": 60.0, ""price_action"": 50.0, ""obv_divergence"": 50.0, ""consolidation"": 95.0, ""bb_squeeze"": 30.0, ""rsi_divergence"": 30.0, ""onchain"": 59.3, ""market_sentiment"": 32.0}","{""regime"": ""GREED"", ""fng_score"": 78, ""fng_label"": ""Extreme Greed"", ""btc_trend"": ""BULLISH"", ""kelly_pct"": 5.7, ""kelly_win_rate"": 55.0, ""kelly_confidence"": ""MEDIUM"", ""stop_loss_pct"": 4.0, ""tp1_pct"": 11.0, ""tp2_pct"": 17.6, ""tp3_pct"": 27.5, ""max_hold_hours"": 48, ""research_adj"": 0.0, ""bear_score"": 15.0, ""bear_veto"": false}",closed,1790173280.6737578,60.53,switch,-4.0729,-0.724015,-4.2729,-0.759568,15.33,0.0,-4.0729,63.1,60.53,0,1790118075.3157327,1790173280.6737578,1
43,UNIUSDT,1790121726.6336179,2026-09-23,10.226,2.34,74.36,trend,"{""technical"": 60.0, ""trend"": 60.0, ""volume"": 60.0, ""sentiment"": 60.0, ""price_action"": 100.0, ""obv_divergence"": 50.0, ""consolidation"": 80.0, ""bb_squeeze"": 30.0, ""rsi_divergence"": 30.0, ""onchain"": 59.4, ""market_sentiment"": 32.0}","{""regime"": ""GREED"", ""fng_score"": 71, ""fng_label"": ""Greed"", ""btc_trend"": ""BULLISH"", ""kelly_pct"": 7.2, ""kelly_win_rate"": 55.0, ""kelly_confidence"": ""MEDIUM"", ""stop_loss_pct"": 6.0, ""tp1_pct"": 10.0, ""tp2_pct"": 16.0, ""tp3_pct"": 25.0, ""max_hold_hours"": 48, ""research_adj"": 0.0, ""bear_score"": 25.0, ""bear_veto"": false}",open,,,,,,,,,,,10.226,10.226,,1790121726.6336179,1790121726.6336179,0
44,BNBUSDT,1790137328.6988358,2026-09-23,795.2,0.02898053,75.98,trend,"{""technical"": 67.0, ""trend"": 60.0, ""volume"": 50.0, ""sentiment"": 60.0, ""price_action"": 50.0, ""obv_divergence"": 98.5, ""consolidation"": 70.0, ""bb_squeeze"": 50.0, ""rsi_divergence"": 30.0, ""onchain"": 51.1, ""market_sentiment"": 39.0}","{""regime"": ""GREED"", ""fng_score"": 71, ""fng_label"": ""Greed"", ""btc_trend"": ""BULLISH"", ""kelly_pct"": 7.2, ""kelly_win_rate"": 55.0, ""kelly_confidence"": ""MEDIUM"", ""stop_loss_pct"": 6.0, ""tp1_pct"": 10.0, ""tp2_pct"": 16.0, ""tp3_pct"": 25.0, ""max_hold_hours"": 48, ""research_adj"": 0.0, ""bear_score"": 15.0, ""bear_veto"": false}",closed,1790173294.026695,764.8575,switch,-3.8157,-0.879342,-4.0157,-0.925432,9.99,0.0,-3.8157,795.2,764.8575,0,1790137328.6988358,1790173294.026695,1
45,XRPUSDT,1790173285.3923178,2026-09-23,1.5188,7.3,76.24,switch,"{""technical"": 0, ""trend"": 0, ""volume"": 0, ""sentiment"": 0, ""price_action"": 0, ""obv_divergence"": 0, ""consolidation"": 0, ""bb_squeeze"": 0, ""rsi_divergence"": 0, ""onchain"": 0, ""market_sentiment"": 0}","{""regime"": """", ""fng_score"": 0, ""fng_label"": """", ""btc_trend"": """", ""kelly_pct"": 0, ""kelly_win_rate"": 0, ""kelly_confidence"": """", ""stop_loss_pct"": 0, ""tp1_pct"": 0, ""tp2_pct"": 0, ""tp3_pct"": 0, ""max_hold_hours"": 72, ""research_adj"": 0, ""bear_score"": 0, ""bear_veto"": false}",closed,1790208059.5864055,1.5026000000000002,switch,-1.0666,-0.11826,-1.2666,-0.140434,9.66,0.0,-1.0666,1.5188,1.5026000000000002,0,1790173285.3923178,1790208059.5864055,1
46,NEARUSDT,1790173295.533023,2026-09-23,4.45,4.9,72.8,switch,"{""technical"": 0, ""trend"": 0, ""volume"": 0, ""sentiment"": 0, ""price_action"": 0, ""obv_divergence"": 0, ""consolidation"": 0, ""bb_squeeze"": 0, ""rsi_divergence"": 0, ""onchain"": 0, ""market_sentiment"": 0}","{""regime"": """", ""fng_score"": 0, ""fng_label"": """", ""btc_trend"": """", ""kelly_pct"": 0, ""kelly_win_rate"": 0, ""kelly_confidence"": """", ""stop_loss_pct"": 0, ""tp1_pct"": 0, ""tp2_pct"": 0, ""tp3_pct"": 0, ""max_hold_hours"": 72, ""research_adj"": 0, ""bear_score"": 0, ""bear_veto"": false}",open,,,,,,,,,,,4.45,4.45,,1790173295.533023,1790173295.533023,0
47,APTUSDT,1790173310.6375983,2026-09-23,0.773,28.23,71.93,switch,"{""technical"": 0, ""trend"": 0, ""volume"": 0, ""sentiment"": 0, ""price_action"": 0, ""obv_divergence"": 0, ""consolidation"": 0, ""bb_squeeze"": 0, ""rsi_divergence"": 0, ""onchain"": 0, ""market_sentiment"": 0}","{""regime"": """", ""fng_score"": 0, ""fng_label"": """", ""btc_trend"": """", ""kelly_pct"": 0, ""kelly_win_rate"": 0, ""kelly_confidence"": """", ""stop_loss_pct"": 0, ""tp1_pct"": 0, ""tp2_pct"": 0, ""tp3_pct"": 0, ""max_hold_hours"": 72, ""research_adj"": 0, ""bear_score"": 0, ""bear_veto"": false}",closed,1790215260.894852,0.7575000000000001,switch,-2.0052,-0.437565,-2.2052,-0.481209,11.65,0.0,-2.0052,0.773,0.7575000000000001,0,1790173310.6375983,1790215260.894852,1
48,MARSCOINUSDT,1790194260.4489005,2026-09-24,0.1384,70.3,69.03,switch,"{""technical"": 0, ""trend"": 0, ""volume"": 0, ""sentiment"": 0, ""price_action"": 0, ""obv_divergence"": 0, ""consolidation"": 0, ""bb_squeeze"": 0, ""rsi_divergence"": 0, ""onchain"": 0, ""market_sentiment"": 0}","{""regime"": """", ""fng_score"": 0, ""fng_label"": """", ""btc_trend"": """", ""kelly_pct"": 0, ""kelly_win_rate"": 0, ""kelly_confidence"": """", ""stop_loss_pct"": 0, ""tp1_pct"": 0, ""tp2_pct"": 0, ""tp3_pct"": 0, ""max_hold_hours"": 72, ""research_adj"": 0, ""bear_score"": 0, ""bear_veto"": false}",open,,,,,,,,,,,0.1384,0.1384,,1790194260.4489005,1790194260.4489005,0
49,LTCUSDT,1790208070.7631865,2026-09-24,61.93,0.178,70.9,switch,"{""technical"": 0, ""trend"": 0, ""volume"": 0, ""sentiment"": 0, ""price_action"": 0, ""obv_divergence"": 0, ""consolidation"": 0, ""bb_squeeze"": 0, ""rsi_divergence"": 0, ""onchain"": 0, ""market_sentiment"": 0}","{""regime"": """", ""fng_score"": 0, ""fng_label"": """", ""btc_trend"": """", ""kelly_pct"": 0, ""kelly_win_rate"": 0, ""kelly_confidence"": """", ""stop_loss_pct"": 0, ""tp1_pct"": 0, ""tp2_pct"": 0, ""tp3_pct"": 0, ""max_hold_hours"": 72, ""research_adj"": 0, ""bear_score"": 0, ""bear_veto"": false}",open,,,,,,,,,,,61.93,61.93,,1790208070.7631865,1790208070.7631865,0
50,ZAMAUSDT,1790215274.2494054,2026-09-24,0.09508,223.0,71.48,switch,"{""technical"": 0, ""trend"": 0, ""volume"": 0, ""sentiment"": 0, ""price_action"": 0, ""obv_divergence"": 0, ""consolidation"": 0, ""bb_squeeze"": 0, ""rsi_divergence"": 0, ""onchain"": 0, ""market_sentiment"": 0}","{""regime"": """", ""fng_score"": 0, ""fng_label"": """", ""btc_trend"": """", ""kelly_pct"": 0, ""kelly_win_rate"": 0, ""kelly_confidence"": """", ""stop_loss_pct"": 0, ""tp1_pct"": 0, ""tp2_pct"": 0, ""tp3_pct"": 0, ""max_hold_hours"": 72, ""research_adj"": 0, ""bear_score"": 0, ""bear_veto"": false}",closed,1790226061.6635907,0.09467242152466368,switch,-0.4287,-0.09089,-0.6287,-0.133296,3.0,0.0,-0.4287,0.09508,0.09467242152466368,0,1790215274.2494054,1790226061.6635907,1
51,LTCUSDT,1790221867.0992098,2026-09-24,66.88,0.09,76.66,trend,"{""technical"": 60.0, ""trend"": 60.0, ""volume"": 80.0, ""sentiment"": 60.0, ""price_action"": 100.0, ""obv_divergence"": 50.0, ""consolidation"": 80.0, ""bb_squeeze"": 30.0, ""rsi_divergence"": 30.0, ""onchain"": 37.8, ""market_sentiment"": 39.0}","{""regime"": ""GREED"", ""fng_score"": 71, ""fng_label"": ""Greed"", ""btc_trend"": ""BULLISH"", ""kelly_pct"": 1.5, ""kelly_win_rate"": 35.0, ""kelly_confidence"": ""MEDIUM"", ""stop_loss_pct"": 6.0, ""tp1_pct"": 10.0, ""tp2_pct"": 16.0, ""tp3_pct"": 25.0, ""max_hold_hours"": 48, ""research_adj"": 0.0, ""bear_score"": 25.0, ""bear_veto"": false}",closed,1790258598.7223432,71.09,reconciled,6.2949,0.3789,6.0949,0.366862,10.2,6.2949,0.0,71.09,66.88,1,1790221867.0992098,1790258598.7223432,0
52,INJUSDT,1790222470.2507975,2026-09-24,8.005,0.75,68.95,trend,"{""technical"": 50.0, ""trend"": 85.0, ""volume"": 15.0, ""sentiment"": 60.0, ""price_action"": 100.0, ""obv_divergence"": 30.0, ""consolidation"": 60.0, ""bb_squeeze"": 30.0, ""rsi_divergence"": 30.0, ""onchain"": 37.8, ""market_sentiment"": 39.0}","{""regime"": ""GREED"", ""fng_score"": 71, ""fng_label"": ""Greed"", ""btc_trend"": ""BULLISH"", ""kelly_pct"": 1.5, ""kelly_win_rate"": 35.0, ""kelly_confidence"": ""MEDIUM"", ""stop_loss_pct"": 6.0, ""tp1_pct"": 10.0, ""tp2_pct"": 16.0, ""tp3_pct"": 25.0, ""max_hold_hours"": 48, ""research_adj"": 0.0, ""bear_score"": 5, ""bear_veto"": false}",closed,1790244812.526152,7.833866666666666,switch,-2.1378,-0.12835,-2.3378,-0.140358,6.21,0.0,-2.1378,8.005,7.833866666666666,0,1790222470.2507975,1790244812.526152,0
53,NEARUSDT,1790226073.6735127,2026-09-24,4.489,4.6,71.48,switch,"{""technical"": 0, ""trend"": 0, ""volume"": 0, ""sentiment"": 0, ""price_action"": 0, ""obv_divergence"": 0, ""consolidation"": 0, ""bb_squeeze"": 0, ""rsi_divergence"": 0, ""onchain"": 0, ""market_sentiment"": 0}","{""regime"": """", ""fng_score"": 0, ""fng_label"": """", ""btc_trend"": """", ""kelly_pct"": 0, ""kelly_win_rate"": 0, ""kelly_confidence"": """", ""stop_loss_pct"": 0, ""tp1_pct"": 0, ""tp2_pct"": 0, ""tp3_pct"": 0, ""max_hold_hours"": 72, ""research_adj"": 0, ""bear_score"": 0, ""bear_veto"": false}",closed,1790240529.48529,4.246,switch,-5.4132,-1.1178,-5.6132,-1.159099,4.02,0.0,-5.4132,4.489,4.246,0,1790226073.6735127,1790240529.48529,0
54,BCHUSDT,1790226106.2706132,2026-09-24,343.6,0.018000000000000002,69.29,trend,"{""technical"": 15.0, ""trend"": 80.0, ""volume"": 40.0, ""sentiment"": 60.0, ""price_action"": 100.0, ""obv_divergence"": 94.8, ""consolidation"": 30.0, ""bb_squeeze"": 80.0, ""rsi_divergence"": 30.0, ""onchain"": 38.3, ""market_sentiment"": 39.0}","{""regime"": ""GREED"", ""fng_score"": 71, ""fng_label"": ""Greed"", ""btc_trend"": ""BULLISH"", ""kelly_pct"": 1.6, ""kelly_win_rate"": 35.0, ""kelly_confidence"": ""MEDIUM"", ""stop_loss_pct"": 6.0, ""tp1_pct"": 10.0, ""tp2_pct"": 16.0, ""tp3_pct"": 25.0, ""max_hold_hours"": 48, ""research_adj"": 0.0, ""bear_score"": 5, ""bear_veto"": false}",closed,1790240514.7605639,333.6,switch,-2.9104,-0.18,-3.1104,-0.19237,4.0,0.0,-2.9104,343.6,333.6,0,1790226106.2706132,1790240514.7605639,0
55,UNIUSDT,1790226696.7344732,2026-09-24,9.386,0.64,70.83,trend,"{""technical"": 52.0, ""trend"": 70.0, ""volume"": 30.0, ""sentiment"": 60.0, ""price_action"": 50.0, ""obv_divergence"": 98.6, ""consolidation"": 60.0, ""bb_squeeze"": 90.0, ""rsi_divergence"": 30.0, ""onchain"": 38.3, ""market_sentiment"": 39.0}","{""regime"": ""GREED"", ""fng_score"": 71, ""fng_label"": ""Greed"", ""btc_trend"": ""BULLISH"", ""kelly_pct"": 1.6, ""kelly_win_rate"": 35.0, ""kelly_confidence"": ""MEDIUM"", ""stop_loss_pct"": 6.0, ""tp1_pct"": 10.0, ""tp2_pct"": 16.0, ""tp3_pct"": 25.0, ""max_hold_hours"": 48, ""research_adj"": 0.0, ""bear_score"": 5, ""bear_veto"": false}",closed,1790230258.3104577,9.299,switch,-0.9269,-0.05568,-1.1269,-0.067694,0.99,0.0,-0.9269,9.386,9.299,0,1790226696.7344732,1790230258.3104577,1
56,LTCUSDT,1790230271.4607508,2026-09-24,67.16,0.089,74.98,switch,"{""technical"": 0, ""trend"": 0, ""volume"": 0, ""sentiment"": 0, ""price_action"": 0, ""obv_divergence"": 0, ""consolidation"": 0, ""bb_squeeze"": 0, ""rsi_divergence"": 0, ""onchain"": 0, ""market_sentiment"": 0}","{""regime"": """", ""fng_score"": 0, ""fng_label"": """", ""btc_trend"": """", ""kelly_pct"": 0, ""kelly_win_rate"": 0, ""kelly_confidence"": """", ""stop_loss_pct"": 0, ""tp1_pct"": 0, ""tp2_pct"": 0, ""tp3_pct"": 0, ""max_hold_hours"": 72, ""research_adj"": 0, ""bear_score"": 0, ""bear_veto"": false}",closed,1790258593.9807165,70.9,reconciled,5.5688,0.33286,5.3688,0.320906,7.87,5.5688,0.0,70.9,67.16,1,1790230271.4607508,1790258593.9807165,0
57,HBARUSDT,1790230885.618485,2026-09-24,0.09171,66.0,70.0,trend,"{""technical"": 52.0, ""trend"": 85.0, ""volume"": 5.0, ""sentiment"": 60.0, ""price_action"": 50.0, ""obv_divergence"": 98.8, ""consolidation"": 30.0, ""bb_squeeze"": 70.0, ""rsi_divergence"": 72.8, ""onchain"": 37.5, ""market_sentiment"": 39.0}","{""regime"": ""GREED"", ""fng_score"": 71, ""fng_label"": ""Greed"", ""btc_trend"": ""BULLISH"", ""kelly_pct"": 1.4, ""kelly_win_rate"": 30.0, ""kelly_confidence"": ""EXPLORATION (regime warming, refreshing stale stats)"", ""stop_loss_pct"": 6.0, ""tp1_pct"": 10.0, ""tp2_pct"": 16.0, ""tp3_pct"": 25.0, ""max_hold_hours"": 48, ""research_adj"": 0.0, ""bear_score"": 5, ""bear_veto"": false}",closed,1790236966.320256,0.09138848484848486,switch,-0.3506,-0.02122,-0.5506,-0.033326,1.69,0.0,-0.3506,0.09171,0.09138848484848486,0,1790230885.618485,1790236966.320256,0
58,BTCUSDT,1790236971.021878,2026-09-24,84562.04,7e-05,72.3,switch,"{""technical"": 0, ""trend"": 0, ""volume"": 0, ""sentiment"": 0, ""price_action"": 0, ""obv_divergence"": 0, ""consolidation"": 0, ""bb_squeeze"": 0, ""rsi_divergence"": 0, ""onchain"": 0, ""market_sentiment"": 0}","{""regime"": """", ""fng_score"": 0, ""fng_label"": """", ""btc_trend"": """", ""kelly_pct"": 0, ""kelly_win_rate"": 0, ""kelly_confidence"": """", ""stop_loss_pct"": 0, ""tp1_pct"": 0, ""tp2_pct"": 0, ""tp3_pct"": 0, ""max_hold_hours"": 72, ""research_adj"": 0, ""bear_score"": 0, ""bear_veto"": false}",closed,1790256763.5722349,84287.47,switch,-0.3247,-0.01922,-0.5247,-0.031059,5.5,0.0,-0.3247,84562.04,84287.47,0,1790236971.021878,1790256763.5722349,0
59,LTCUSDT,1790240521.2343907,2026-09-24,68.61,0.091,72.38,switch,"{""technical"": 0, ""trend"": 0, ""volume"": 0, ""sentiment"": 0, ""price_action"": 0, ""obv_divergence"": 0, ""consolidation"": 0, ""bb_squeeze"": 0, ""rsi_divergence"": 0, ""onchain"": 0, ""market_sentiment"": 0}","{""regime"": """", ""fng_score"": 0, ""fng_label"": """", ""btc_trend"": """", ""kelly_pct"": 0, ""kelly_win_rate"": 0, ""kelly_confidence"": """", ""stop_loss_pct"": 0, ""tp1_pct"": 0, ""tp2_pct"": 0, ""tp3_pct"": 0, ""max_hold_hours"": 72, ""research_adj"": 0, ""bear_score"": 0, ""bear_veto"": false}",closed,1790256892.4219806,69.91,reconciled,1.8948,0.1183,1.6948,0.105813,4.55,1.8948,0.0,69.91,68.61,1,1790240521.2343907,1790256892.4219806,0
60,DASHUSDT,1790240530.9877615,2026-09-24,60.66,0.326,69.15,switch,"{""technical"": 0, ""trend"": 0, ""volume"": 0, ""sentiment"": 0, ""price_action"": 0, ""obv_divergence"": 0, ""consolidation"": 0, ""bb_squeeze"": 0, ""rsi_divergence"": 0, ""onchain"": 0, ""market_sentiment"": 0}","{""regime"": """", ""fng_score"": 0, ""fng_label"": """", ""btc_trend"": """", ""kelly_pct"": 0, ""kelly_win_rate"": 0, ""kelly_confidence"": """", ""stop_loss_pct"": 0, ""tp1_pct"": 0, ""tp2_pct"": 0, ""tp3_pct"": 0, ""max_hold_hours"": 72, ""research_adj"": 0, ""bear_score"": 0, ""bear_veto"": false}",closed,1790249117.8950787,59.11999999999999,switch,-2.5387,-0.50204,-2.7387,-0.54159,2.39,0.0,-2.5387,60.66,59.11999999999999,0,1790240530.9877615,1790249117.8950787,0
61,RAYUSDT,1790244822.7901866,2026-09-24,1.952,3.0,67.56,switch,"{""technical"": 0, ""trend"": 0, ""volume"": 0, ""sentiment"": 0, ""price_action"": 0, ""obv_divergence"": 0, ""consolidation"": 0, ""bb_squeeze"": 0, ""rsi_divergence"": 0, ""onchain"": 0, ""market_sentiment"": 0}","{""regime"": """", ""fng_score"": 0, ""fng_label"": """", ""btc_trend"": """", ""kelly_pct"": 0, ""kelly_win_rate"": 0, ""kelly_confidence"": """", ""stop_loss_pct"": 0, ""tp1_pct"": 0, ""tp2_pct"": 0, ""tp3_pct"": 0, ""max_hold_hours"": 72, ""research_adj"": 0, ""bear_score"": 0, ""bear_veto"": false}",closed,1790256893.6323493,2.0258,reconciled,3.7807,0.2214,3.5807,0.209688,3.35,3.7807,0.0,2.0258,1.952,1,1790244822.7901866,1790256893.6323493,0
62,LTCUSDT,1790249131.9629974,2026-09-24,66.37,0.289,72.21,switch,"{""technical"": 0, ""trend"": 0, ""volume"": 0, ""sentiment"": 0, ""price_action"": 0, ""obv_divergence"": 0, ""consolidation"": 0, ""bb_squeeze"": 0, ""rsi_divergence"": 0, ""onchain"": 0, ""market_sentiment"": 0}","{""regime"": """", ""fng_score"": 0, ""fng_label"": """", ""btc_trend"": """", ""kelly_pct"": 0, ""kelly_win_rate"": 0, ""kelly_confidence"": """", ""stop_loss_pct"": 0, ""tp1_pct"": 0, ""tp2_pct"": 0, ""tp3_pct"": 0, ""max_hold_hours"": 72, ""research_adj"": 0, ""bear_score"": 0, ""bear_veto"": false}",closed,1790256891.3934982,69.11,reconciled,4.1284,0.79186,3.9284,0.753498,2.16,4.1284,0.0,69.11,66.37,1,1790249131.9629974,1790256891.3934982,0
63,LTCUSDT,1790277087.621974,2026-09-25,71.28,0.085,72.88,trend,"{""technical"": 67.0, ""trend"": 50.0, ""volume"": 45.0, ""sentiment"": 60.0, ""price_action"": 100.0, ""obv_divergence"": 50.0, ""consolidation"": 95.0, ""bb_squeeze"": 30.0, ""rsi_divergence"": 30.0, ""onchain"": 40.9, ""market_sentiment"": 39.0}","{""regime"": ""GREED"", ""fng_score"": 71, ""fng_label"": ""Greed"", ""btc_trend"": ""BULLISH"", ""kelly_pct"": 1.3, ""kelly_win_rate"": 30.0, ""kelly_confidence"": ""EXPLORATION (regime warming, refreshing stale stats)"", ""stop_loss_pct"": 6.0, ""tp1_pct"": 10.0, ""tp2_pct"": 16.0, ""tp3_pct"": 25.0, ""max_hold_hours"": 48, ""research_adj"": 0.0, ""bear_score"": 15.0, ""bear_veto"": false}",closed,1790347399.8017948,69.64999999999999,switch,-2.2868,-0.13855,-2.4868,-0.150668,19.53,0.0,-2.2868,71.28,69.64999999999999,0,1790277087.621974,1790347399.8017948,0
64,ETCUSDT,1790277702.424105,2026-09-25,9.8,0.62,71.66,trend,"{""technical"": 67.0, ""trend"": 50.0, ""volume"": 35.0, ""sentiment"": 60.0, ""price_action"": 100.0, ""obv_divergence"": 50.0, ""consolidation"": 95.0, ""bb_squeeze"": 30.0, ""rsi_divergence"": 30.0, ""onchain"": 40.9, ""market_sentiment"": 39.0}","{""regime"": ""GREED"", ""fng_score"": 71, ""fng_label"": ""Greed"", ""btc_trend"": ""BULLISH"", ""kelly_pct"": 1.3, ""kelly_win_rate"": 30.0, ""kelly_confidence"": ""EXPLORATION (regime warming, refreshing stale stats)"", ""stop_loss_pct"": 6.0, ""tp1_pct"": 10.0, ""tp2_pct"": 16.0, ""tp3_pct"": 25.0, ""max_hold_hours"": 48, ""research_adj"": 0.0, ""bear_score"": 15.0, ""bear_veto"": false}",closed,1790284337.7185342,9.21,sl,-6.0204,-0.3658,-6.2204,-0.377952,1.84,0.0,-6.0204,9.8,9.21,0,1790277702.424105,1790284337.7185342,0
65,ENAUSDT,1790295073.5645874,2026-09-25,0.2272,26.41,76.5,bollinger,"{""technical"": 67.0, ""trend"": 75.0, ""volume"": 50.0, ""sentiment"": 60.0, ""price_action"": 100.0, ""obv_divergence"": 50.0, ""consolidation"": 80.0, ""bb_squeeze"": 30.0, ""rsi_divergence"": 30.0, ""onchain"": 41.0, ""market_sentiment"": 39.0}","{""regime"": ""GREED"", ""fng_score"": 71, ""fng_label"": ""Greed"", ""btc_trend"": ""BULLISH"", ""kelly_pct"": 1.2, ""kelly_win_rate"": 25.0, ""kelly_confidence"": ""EXPLORATION (regime warming, refreshing stale stats)"", ""stop_loss_pct"": 6.52, ""tp1_pct"": 11.0, ""tp2_pct"": 17.6, ""tp3_pct"": 27.5, ""max_hold_hours"": 48, ""research_adj"": 0.0, ""bear_score"": 15.0, ""bear_veto"": false}",closed,1790334763.5055346,0.2398,reconciled,5.5458,0.332766,5.3458,0.320765,11.02,5.5458,0.0,0.2398,0.2272,1,1790295073.5645874,1790334763.5055346,0
66,ENAUSDT,1790347409.049197,2026-09-25,0.2489,24.1,82.06,switch,"{""technical"": 0, ""trend"": 0, ""volume"": 0, ""sentiment"": 0, ""price_action"": 0, ""obv_divergence"": 0, ""consolidation"": 0, ""bb_squeeze"": 0, ""rsi_divergence"": 0, ""onchain"": 0, ""market_sentiment"": 0}","{""regime"": """", ""fng_score"": 0, ""fng_label"": """", ""btc_trend"": """", ""kelly_pct"": 0, ""kelly_win_rate"": 0, ""kelly_confidence"": """", ""stop_loss_pct"": 0, ""tp1_pct"": 0, ""tp2_pct"": 0, ""tp3_pct"": 0, ""max_hold_hours"": 72, ""research_adj"": 0, ""bear_score"": 0, ""bear_veto"": false}",open,,,,,,,,,,,0.2489,0.2489,,1790347409.049197,1790347409.049197,0
67,ENAUSDT,1790353383.9806538,2026-09-26,0.2558,23.46,74.39,bollinger,"{""technical"": 60.0, ""trend"": 60.0, ""volume"": 45.0, ""sentiment"": 60.0, ""price_action"": 100.0, ""obv_divergence"": 50.0, ""consolidation"": 95.0, ""bb_squeeze"": 30.0, ""rsi_divergence"": 30.0, ""onchain"": 53.9, ""market_sentiment"": 39.0}","{""regime"": ""GREED"", ""fng_score"": 71, ""fng_label"": ""Greed"", ""btc_trend"": ""BULLISH"", ""kelly_pct"": 1.4, ""kelly_win_rate"": 42.9, ""kelly_confidence"": ""MEDIUM"", ""stop_loss_pct"": 7.01, ""tp1_pct"": 12.0, ""tp2_pct"": 19.2, ""tp3_pct"": 30.0, ""max_hold_hours"": 48, ""research_adj"": 0.0, ""bear_score"": 25.0, ""bear_veto"": false}",closed,1790395282.6583707,0.2712,reconciled,6.0203,0.361284,5.8203,0.349282,11.64,6.0203,0.0,0.2712,0.2558,1,1790353383.9806538,1790395282.6583707,0
68,SOLUSDT,1790361087.771183,2026-09-26,121.87,0.05,74.27,bollinger,"{""technical"": 60.0, ""trend"": 45.0, ""volume"": 90.0, ""sentiment"": 60.0, ""price_action"": 50.0, ""obv_divergence"": 50.0, ""consolidation"": 95.0, ""bb_squeeze"": 30.0, ""rsi_divergence"": 30.0, ""onchain"": 54.6, ""market_sentiment"": 39.0}","{""regime"": ""GREED"", ""fng_score"": 71, ""fng_label"": ""Greed"", ""btc_trend"": ""BULLISH"", ""kelly_pct"": 1.5, ""kelly_win_rate"": 42.9, ""kelly_confidence"": ""MEDIUM"", ""stop_loss_pct"": 4.0, ""tp1_pct"": 9.0, ""tp2_pct"": 14.4, ""tp3_pct"": 22.5, ""max_hold_hours"": 48, ""research_adj"": 0.0, ""bear_score"": 25.0, ""bear_veto"": false}",closed,1790455863.2790804,120.29999999999998,switch,-1.2883,-0.0785,-1.4883,-0.090687,26.33,0.0,-1.2883,121.87,120.29999999999998,0,1790361087.771183,1790455863.2790804,0
69,INJUSDT,1790365286.5818818,2026-09-26,8.213,0.74,74.64,bollinger,"{""technical"": 65.0, ""trend"": 70.0, ""volume"": 15.0, ""sentiment"": 60.0, ""price_action"": 100.0, ""obv_divergence"": 50.0, ""consolidation"": 70.0, ""bb_squeeze"": 76.7, ""rsi_divergence"": 30.0, ""onchain"": 56.2, ""market_sentiment"": 39.0}","{""regime"": ""GREED"", ""fng_score"": 71, ""fng_label"": ""Greed"", ""btc_trend"": ""BULLISH"", ""kelly_pct"": 1.5, ""kelly_win_rate"": 42.9, ""kelly_confidence"": ""MEDIUM"", ""stop_loss_pct"": 6.05, ""tp1_pct"": 9.0, ""tp2_pct"": 14.4, ""tp3_pct"": 22.5, ""max_hold_hours"": 48, ""research_adj"": 0.0, ""bear_score"": 5, ""bear_veto"": false}",closed,1790373061.413861,7.8469999999999995,switch,-4.4563,-0.27084,-4.6563,-0.282995,2.16,0.0,-4.4563,8.213,7.8469999999999995,0,1790365286.5818818,1790373061.413861,0
70,WLDUSDT,1790373068.1420093,2026-09-26,0.4702,12.7,73.99,switch,"{""technical"": 0, ""trend"": 0, ""volume"": 0, ""sentiment"": 0, ""price_action"": 0, ""obv_divergence"": 0, ""consolidation"": 0, ""bb_squeeze"": 0, ""rsi_divergence"": 0, ""onchain"": 0, ""market_sentiment"": 0}","{""regime"": """", ""fng_score"": 0, ""fng_label"": """", ""btc_trend"": """", ""kelly_pct"": 0, ""kelly_win_rate"": 0, ""kelly_confidence"": """", ""stop_loss_pct"": 0, ""tp1_pct"": 0, ""tp2_pct"": 0, ""tp3_pct"": 0, ""max_hold_hours"": 72, ""research_adj"": 0, ""bear_score"": 0, ""bear_veto"": false}",closed,1790376668.5670638,0.4899,reconciled,4.1897,0.25019,3.9897,0.238247,1.0,4.1897,0.0,0.4899,0.4702,1,1790373068.1420093,1790376668.5670638,0
71,BABYUSDT,1790438649.9849126,2026-09-27,0.01415,425.0,76.38,bollinger,"{""technical"": 67.0, ""trend"": 75.0, ""volume"": 50.0, ""sentiment"": 60.0, ""price_action"": 100.0, ""obv_divergence"": 30.0, ""consolidation"": 95.0, ""bb_squeeze"": 30.0, ""rsi_divergence"": 30.0, ""onchain"": 50.0, ""market_sentiment"": 36.0}","{""regime"": ""GREED"", ""fng_score"": 74, ""fng_label"": ""Greed"", ""btc_trend"": ""BULLISH"", ""kelly_pct"": 1.5, ""kelly_win_rate"": 47.1, ""kelly_confidence"": ""MEDIUM"", ""stop_loss_pct"": 5.39, ""tp1_pct"": 9.0, ""tp2_pct"": 14.4, ""tp3_pct"": 22.5, ""max_hold_hours"": 48, ""research_adj"": 0.0, ""bear_score"": 15.0, ""bear_veto"": false}",closed,1790455886.1091259,0.01352,switch,-4.4523,-0.26775,-4.6523,-0.279777,4.79,0.0,-4.4523,0.01415,0.01352,0,1790438649.9849126,1790455886.1091259,0
72,ZROUSDT,1790442146.5791533,2026-09-27,1.664,8.1,76.64,bollinger,"{""technical"": 67.0, ""trend"": 75.0, ""volume"": 35.0, ""sentiment"": 60.0, ""price_action"": 100.0, ""obv_divergence"": 100.0, ""consolidation"": 30.0, ""bb_squeeze"": 30.0, ""rsi_divergence"": 30.0, ""onchain"": 57.7, ""market_sentiment"": 36.0}","{""regime"": ""GREED"", ""fng_score"": 74, ""fng_label"": ""Greed"", ""btc_trend"": ""BULLISH"", ""kelly_pct"": 3.3, ""kelly_win_rate"": 47.1, ""kelly_confidence"": ""MEDIUM"", ""stop_loss_pct"": 5.72, ""tp1_pct"": 9.0, ""tp2_pct"": 14.4, ""tp3_pct"": 22.5, ""max_hold_hours"": 48, ""research_adj"": 0.0, ""bear_score"": 15.0, ""bear_veto"": false}",closed,1790455879.1439471,1.5830000000000002,switch,-4.8678,-0.6561,-5.0678,-0.683057,3.81,0.0,-4.8678,1.664,1.5830000000000002,0,1790442146.5791533,1790455879.1439471,0
73,TAOUSDT,1790445712.3827193,2026-09-27,329.8,0.0182,74.49,bollinger,"{""technical"": 67.0, ""trend"": 50.0, ""volume"": 60.0, ""sentiment"": 60.0, ""price_action"": 100.0, ""obv_divergence"": 50.0, ""consolidation"": 80.0, ""bb_squeeze"": 30.0, ""rsi_divergence"": 30.0, ""onchain"": 58.5, ""market_sentiment"": 36.0}","{""regime"": ""GREED"", ""fng_score"": 74, ""fng_label"": ""Greed"", ""btc_trend"": ""BULLISH"", ""kelly_pct"": 1.5, ""kelly_win_rate"": 47.1, ""kelly_confidence"": ""MEDIUM"", ""stop_loss_pct"": 5.07, ""tp1_pct"": 12.0, ""tp2_pct"": 19.2, ""tp3_pct"": 30.0, ""max_hold_hours"": 48, ""research_adj"": 0.0, ""bear_score"": 15.0, ""bear_veto"": false}",closed,1790455912.3723152,313.06483516483513,sl,-5.0743,-0.30458,-5.2743,-0.316585,2.83,0.0,-5.0743,329.8,313.06483516483513,0,1790445712.3827193,1790455912.3723152,0
74,RUNEUSDT,1790455873.5434473,2026-09-27,0.742,8.0,76.38,switch,"{""technical"": 0, ""trend"": 0, ""volume"": 0, ""sentiment"": 0, ""price_action"": 0, ""obv_divergence"": 0, ""consolidation"": 0, ""bb_squeeze"": 0, ""rsi_divergence"": 0, ""onchain"": 0, ""market_sentiment"": 0}","{""regime"": """", ""fng_score"": 0, ""fng_label"": """", ""btc_trend"": """", ""kelly_pct"": 0, ""kelly_win_rate"": 0, ""kelly_confidence"": """", ""stop_loss_pct"": 0, ""tp1_pct"": 0, ""tp2_pct"": 0, ""tp3_pct"": 0, ""max_hold_hours"": 72, ""research_adj"": 0, ""bear_score"": 0, ""bear_veto"": false}",closed,1790460672.3670812,0.769,reconciled,3.6388,0.216,3.4388,0.204128,1.33,3.6388,0.0,0.769,0.742,1,1790455873.5434473,1790460672.3670812,0
75,WLDUSDT,1790455880.399505,2026-09-27,0.5157,24.6,75.72,switch,"{""technical"": 0, ""trend"": 0, ""volume"": 0, ""sentiment"": 0, ""price_action"": 0, ""obv_divergence"": 0, ""consolidation"": 0, ""bb_squeeze"": 0, ""rsi_divergence"": 0, ""onchain"": 0, ""market_sentiment"": 0}","{""regime"": """", ""fng_score"": 0, ""fng_label"": """", ""btc_trend"": """", ""kelly_pct"": 0, ""kelly_win_rate"": 0, ""kelly_confidence"": """", ""stop_loss_pct"": 0, ""tp1_pct"": 0, ""tp2_pct"": 0, ""tp3_pct"": 0, ""max_hold_hours"": 72, ""research_adj"": 0, ""bear_score"": 0, ""bear_veto"": false}",closed,1790490704.1717808,0.5387,reconciled,4.46,0.5658,4.26,0.540428,9.67,4.46,0.0,0.5387,0.5157,1,1790455880.399505,1790490704.1717808,0
76,FILUSDT,1790455887.5588644,2026-09-27,1.1094,5.4,75.36,switch,"{""technical"": 0, ""trend"": 0, ""volume"": 0, ""sentiment"": 0, ""price_action"": 0, ""obv_divergence"": 0, ""consolidation"": 0, ""bb_squeeze"": 0, ""rsi_divergence"": 0, ""onchain"": 0, ""market_sentiment"": 0}","{""regime"": """", ""fng_score"": 0, ""fng_label"": """", ""btc_trend"": """", ""kelly_pct"": 0, ""kelly_win_rate"": 0, ""kelly_confidence"": """", ""stop_loss_pct"": 0, ""tp1_pct"": 0, ""tp2_pct"": 0, ""tp3_pct"": 0, ""max_hold_hours"": 72, ""research_adj"": 0, ""bear_score"": 0, ""bear_veto"": false}",closed,1790498552.1185615,1.1576,reconciled,4.3447,0.26028,4.1447,0.248298,11.85,4.3447,0.0,1.1576,1.1094,1,1790455887.5588644,1790498552.1185615,0
77,GRAMUSDT,1790526739.4511147,2026-09-28,1.674,6.62337,78.18,bollinger,"{""technical"": 60.0, ""trend"": 60.0, ""volume"": 90.0, ""sentiment"": 60.0, ""price_action"": 100.0, ""obv_divergence"": 50.0, ""consolidation"": 80.0, ""bb_squeeze"": 30.0, ""rsi_divergence"": 30.0, ""onchain"": 50.0, ""market_sentiment"": 40.0}","{""regime"": ""GREED"", ""fng_score"": 70, ""fng_label"": ""Greed"", ""btc_trend"": ""BULLISH"", ""kelly_pct"": 2.7, ""kelly_win_rate"": 50.0, ""kelly_confidence"": ""MEDIUM"", ""stop_loss_pct"": 5.34, ""tp1_pct"": 10.0, ""tp2_pct"": 16.0, ""tp3_pct"": 25.0, ""max_hold_hours"": 48, ""research_adj"": 0.0, ""bear_score"": 25.0, ""bear_veto"": false}",closed,1790576010.680348,1.585,sl,-5.3166,-0.58948,-5.5166,-0.611655,13.69,0.0,-5.3166,1.674,1.585,0,1790526739.4511147,1790576010.680348,0
78,ENAUSDT,1790537458.7168314,2026-09-28,0.2883,37.43253,78.22,bollinger,"{""technical"": 67.0, ""trend"": 75.0, ""volume"": 90.0, ""sentiment"": 60.0, ""price_action"": 100.0, ""obv_divergence"": 50.0, ""consolidation"": 30.0, ""bb_squeeze"": 30.0, ""rsi_divergence"": 30.0, ""onchain"": 54.9, ""market_sentiment"": 40.0}","{""regime"": ""GREED"", ""fng_score"": 70, ""fng_label"": ""Greed"", ""btc_trend"": ""BULLISH"", ""kelly_pct"": 2.7, ""kelly_win_rate"": 50.0, ""kelly_confidence"": ""MEDIUM"", ""stop_loss_pct"": 5.28, ""tp1_pct"": 10.0, ""tp2_pct"": 16.0, ""tp3_pct"": 25.0, ""max_hold_hours"": 48, ""research_adj"": 0.0, ""bear_score"": 15.0, ""bear_veto"": false}",open,,,,,,,,,,,0.2883,0.2883,,1790537458.7168314,1790537458.7168314,0
79,ADAUSDT,1790555462.4091222,2026-09-28,0.2574,41.8581,81.29,bollinger,"{""technical"": 65.0, ""trend"": 70.0, ""volume"": 80.0, ""sentiment"": 60.0, ""price_action"": 50.0, ""obv_divergence"": 100.0, ""consolidation"": 75.0, ""bb_squeeze"": 90.0, ""rsi_divergence"": 30.0, ""onchain"": 52.4, ""market_sentiment"": 40.0}","{""regime"": ""GREED"", ""fng_score"": 74, ""fng_label"": ""Greed"", ""btc_trend"": ""BULLISH"", ""kelly_pct"": 2.7, ""kelly_win_rate"": 50.0, ""kelly_confidence"": ""MEDIUM"", ""stop_loss_pct"": 4.0, ""tp1_pct"": 10.0, ""tp2_pct"": 16.0, ""tp3_pct"": 25.0, ""max_hold_hours"": 48, ""research_adj"": 0.0, ""bear_score"": 5, ""bear_veto"": false}",open,,,,,,,,,,,0.2574,0.2574,,1790555462.4091222,1790555462.4091222,0
80,0GUSDT,1790682754.6603587,2026-09-29,0.3227,18.79119,78.89,bollinger,"{""technical"": 67.0, ""trend"": 75.0, ""volume"": 60.0, ""sentiment"": 60.0, ""price_action"": 100.0, ""obv_divergence"": 50.0, ""consolidation"": 95.0, ""bb_squeeze"": 30.0, ""rsi_divergence"": 30.0, ""onchain"": 48.1, ""market_sentiment"": 37.0}","{""regime"": ""GREED"", ""fng_score"": 73, ""fng_label"": ""Greed"", ""btc_trend"": ""BULLISH"", ""kelly_pct"": 1.4, ""kelly_win_rate"": 45.0, ""kelly_confidence"": ""MEDIUM"", ""stop_loss_pct"": 14.66, ""tp1_pct"": 10.0, ""tp2_pct"": 16.0, ""tp3_pct"": 25.0, ""max_hold_hours"": 48, ""research_adj"": 0.0, ""bear_score"": 15.0, ""bear_veto"": false}",closed,1790772085.481233,0.33620000000000005,switch,4.1835,0.253681,3.9835,0.241553,24.81,4.1835,0.0,0.33620000000000005,0.3227,1,1790682754.6603587,1790772085.481233,0
81,AVAXUSDT,1790685726.4370859,2026-09-29,11.795,0.50949,78.96,bollinger,"{""technical"": 60.0, ""trend"": 60.0, ""volume"": 90.0, ""sentiment"": 60.0, ""price_action"": 100.0, ""obv_divergence"": 50.0, ""consolidation"": 95.0, ""bb_squeeze"": 30.0, ""rsi_divergence"": 30.0, ""onchain"": 48.2, ""market_sentiment"": 37.0}","{""regime"": ""GREED"", ""fng_score"": 73, ""fng_label"": ""Greed"", ""btc_trend"": ""BULLISH"", ""kelly_pct"": 1.5, ""kelly_win_rate"": 45.0, ""kelly_confidence"": ""MEDIUM"", ""stop_loss_pct"": 5.98, ""tp1_pct"": 10.0, ""tp2_pct"": 16.0, ""tp3_pct"": 25.0, ""max_hold_hours"": 48, ""research_adj"": 0.0, ""bear_score"": 25.0, ""bear_veto"": false}",closed,1790705529.8538327,11.089,sl,-5.9856,-0.3597,-6.1856,-0.371719,5.5,0.0,-5.9856,11.795,11.089,0,1790685726.4370859,1790705529.8538327,0
82,QNTUSDT,1790711454.446058,2026-09-30,270.29,0.022977,78.43,bollinger,"{""technical"": 67.0, ""trend"": 75.0, ""volume"": 100.0, ""sentiment"": 60.0, ""price_action"": 100.0, ""obv_divergence"": 50.0, ""consolidation"": 30.0, ""bb_squeeze"": 30.0, ""rsi_divergence"": 30.0, ""onchain"": 43.2, ""market_sentiment"": 37.0}","{""regime"": ""GREED"", ""fng_score"": 73, ""fng_label"": ""Greed"", ""btc_trend"": ""BULLISH"", ""kelly_pct"": 1.5, ""kelly_win_rate"": 45.0, ""kelly_confidence"": ""MEDIUM"", ""stop_loss_pct"": 15.0, ""tp1_pct"": 10.0, ""tp2_pct"": 16.0, ""tp3_pct"": 25.0, ""max_hold_hours"": 48, ""research_adj"": 0.0, ""bear_score"": 15.0, ""bear_veto"": false}",closed,1790735445.5659888,295.0,reconciled,9.142,0.567762,8.942,0.555341,6.66,9.142,0.0,295.0,270.29,1,1790711454.446058,1790735445.5659888,0
83,ICPUSDT,1790715053.1812105,2026-09-30,3.47,1.72827,79.87,bollinger,"{""technical"": 67.0, ""trend"": 75.0, ""volume"": 80.0, ""sentiment"": 60.0, ""price_action"": 100.0, ""obv_divergence"": 30.0, ""consolidation"": 95.0, ""bb_squeeze"": 30.0, ""rsi_divergence"": 30.0, ""onchain"": 45.6, ""market_sentiment"": 37.0}","{""regime"": ""GREED"", ""fng_score"": 73, ""fng_label"": ""Greed"", ""btc_trend"": ""BULLISH"", ""kelly_pct"": 1.5, ""kelly_win_rate"": 45.0, ""kelly_confidence"": ""MEDIUM"", ""stop_loss_pct"": 6.19, ""tp1_pct"": 10.0, ""tp2_pct"": 16.0, ""tp3_pct"": 25.0, ""max_hold_hours"": 48, ""research_adj"": 0.0, ""bear_score"": 15.0, ""bear_veto"": false}",closed,1790835651.499838,3.358,switch,-3.2277,-0.193566,-3.4277,-0.20556,33.5,0.0,-3.2277,3.47,3.358,0,1790715053.1812105,1790835651.499838,0
84,PENGUUSDT,1790772090.8386889,2026-09-30,0.010235,614.0,80.5,switch,"{""technical"": 0, ""trend"": 0, ""volume"": 0, ""sentiment"": 0, ""price_action"": 0, ""obv_divergence"": 0, ""consolidation"": 0, ""bb_squeeze"": 0, ""rsi_divergence"": 0, ""onchain"": 0, ""market_sentiment"": 0}","{""regime"": """", ""fng_score"": 0, ""fng_label"": """", ""btc_trend"": """", ""kelly_pct"": 0, ""kelly_win_rate"": 0, ""kelly_confidence"": """", ""stop_loss_pct"": 0, ""tp1_pct"": 0, ""tp2_pct"": 0, ""tp3_pct"": 0, ""max_hold_hours"": 72, ""research_adj"": 0, ""bear_score"": 0, ""bear_veto"": false}",closed,1790804448.525112,0.00952,sl,-6.9858,-0.43901,-7.1858,-0.451579,8.99,0.0,-6.9858,0.010235,0.00952,0,1790772090.8386889,1790804448.525112,0
85,NEARUSDT,1790793057.593584,2026-10-01,5.446,1.1988,78.24,bollinger,"{""technical"": 67.0, ""trend"": 75.0, ""volume"": 60.0, ""sentiment"": 60.0, ""price_action"": 100.0, ""obv_divergence"": 50.0, ""consolidation"": 80.0, ""bb_squeeze"": 30.0, ""rsi_divergence"": 30.0, ""onchain"": 51.7, ""market_sentiment"": 39.0}","{""regime"": ""GREED"", ""fng_score"": 71, ""fng_label"": ""Greed"", ""btc_trend"": ""BULLISH"", ""kelly_pct"": 1.5, ""kelly_win_rate"": 50.0, ""kelly_confidence"": ""MEDIUM"", ""stop_loss_pct"": 7.27, ""tp1_pct"": 10.0, ""tp2_pct"": 16.0, ""tp3_pct"": 25.0, ""max_hold_hours"": 48, ""research_adj"": 0.0, ""bear_score"": 15.0, ""bear_veto"": false}",closed,1790860267.467752,5.05,sl,-7.2714,-0.474725,-7.4714,-0.487782,18.67,0.0,-7.2714,5.446,5.05,0,1790793057.593584,1790860267.467752,0
86,NEARUSDT,1790835659.0307033,2026-10-01,5.504,1.0,84.9,switch,"{""technical"": 0, ""trend"": 0, ""volume"": 0, ""sentiment"": 0, ""price_action"": 0, ""obv_divergence"": 0, ""consolidation"": 0, ""bb_squeeze"": 0, ""rsi_divergence"": 0, ""onchain"": 0, ""market_sentiment"": 0}","{""regime"": """", ""fng_score"": 0, ""fng_label"": """", ""btc_trend"": """", ""kelly_pct"": 0, ""kelly_win_rate"": 0, ""kelly_confidence"": """", ""stop_loss_pct"": 0, ""tp1_pct"": 0, ""tp2_pct"": 0, ""tp3_pct"": 0, ""max_hold_hours"": 72, ""research_adj"": 0, ""bear_score"": 0, ""bear_veto"": false}",closed,1790849455.2729428,5.117,sl,-7.0312,-0.387,-7.2312,-0.398008,3.83,0.0,-7.0312,5.504,5.117,0,1790835659.0307033,1790849455.2729428,0
87,BTCUSDT,1790868104.477724,2026-10-01,84238.64,7.992e-05,81.75,bollinger,"{""technical"": 65.0, ""trend"": 85.0, ""volume"": 90.0, ""sentiment"": 60.0, ""price_action"": 50.0, ""obv_divergence"": 50.0, ""consolidation"": 75.0, ""bb_squeeze"": 76.7, ""rsi_divergence"": 30.0, ""onchain"": 47.3, ""market_sentiment"": 36.0}","{""regime"": ""GREED"", ""fng_score"": 74, ""fng_label"": ""Greed"", ""btc_trend"": ""BULLISH"", ""kelly_pct"": 1.2, ""kelly_win_rate"": 40.0, ""kelly_confidence"": ""EXPLORATION (regime warming, refreshing stale stats)"", ""stop_loss_pct"": 4.0, ""tp1_pct"": 10.0, ""tp2_pct"": 16.0, ""tp3_pct"": 25.0, ""max_hold_hours"": 48, ""research_adj"": 0.0, ""bear_score"": 5, ""bear_veto"": false}",closed,1790883549.0202172,84642.0,switch,0.4788,0.032237,0.2788,0.018772,4.29,0.4788,0.0,84642.0,84238.64,1,1790868104.477724,1790883549.0202172,0
88,ZROUSDT,1790883599.303238,2026-10-02,1.803,3.32667,81.66,bollinger,"{""technical"": 67.0, ""trend"": 75.0, ""volume"": 80.0, ""sentiment"": 60.0, ""price_action"": 100.0, ""obv_divergence"": 50.0, ""consolidation"": 95.0, ""bb_squeeze"": 30.0, ""rsi_divergence"": 30.0, ""onchain"": 50.4, ""market_sentiment"": 36.0}","{""regime"": ""GREED"", ""fng_score"": 74, ""fng_label"": ""Greed"", ""btc_trend"": ""BULLISH"", ""kelly_pct"": 1.2, ""kelly_win_rate"": 45.0, ""kelly_confidence"": ""EXPLORATION (regime warming, refreshing stale stats)"", ""stop_loss_pct"": 7.61, ""tp1_pct"": 10.0, ""tp2_pct"": 16.0, ""tp3_pct"": 25.0, ""max_hold_hours"": 48, ""research_adj"": 0.0, ""bear_score"": 15.0, ""bear_veto"": false}",open,,,,,,,,,,,1.803,1.803,,1790883599.303238,1790883599.303238,0
89,MEGAUSDT,1790885901.4085073,2026-10-02,0.05102,117.5823,78.19,bollinger,"{""technical"": 67.0, ""trend"": 50.0, ""volume"": 60.0, ""sentiment"": 100.0, ""price_action"": 100.0, ""obv_divergence"": 50.0, ""consolidation"": 95.0, ""bb_squeeze"": 30.0, ""rsi_divergence"": 30.0, ""onchain"": 52.3, ""market_sentiment"": 36.0}","{""regime"": ""GREED"", ""fng_score"": 74, ""fng_label"": ""Greed"", ""btc_trend"": ""BULLISH"", ""kelly_pct"": 1.2, ""kelly_win_rate"": 45.0, ""kelly_confidence"": ""EXPLORATION (regime warming, refreshing stale stats)"", ""stop_loss_pct"": 11.85, ""tp1_pct"": 10.0, ""tp2_pct"": 16.0, ""tp3_pct"": 25.0, ""max_hold_hours"": 48, ""research_adj"": 0.0, ""bear_score"": 15.0, ""bear_veto"": false}",closed,1790901654.7560918,0.0545,reconciled,6.8209,0.409186,6.6209,0.397188,4.38,6.8209,0.0,0.0545,0.05102,1,1790885901.4085073,1790901654.7560918,0
90,AAVEUSDT,1790893867.6214342,2026-10-02,171.61,0.034965,77.14,bollinger,"{""technical"": 67.0, ""trend"": 75.0, ""volume"": 50.0, ""sentiment"": 60.0, ""price_action"": 100.0, ""obv_divergence"": 50.0, ""consolidation"": 80.0, ""bb_squeeze"": 30.0, ""rsi_divergence"": 30.0, ""onchain"": 52.9, ""market_sentiment"": 36.0}","{""regime"": ""GREED"", ""fng_score"": 74, ""fng_label"": ""Greed"", ""btc_trend"": ""BULLISH"", ""kelly_pct"": 1.3, ""kelly_win_rate"": 45.0, ""kelly_confidence"": ""EXPLORATION (regime warming, refreshing stale stats)"", ""stop_loss_pct"": 5.08, ""tp1_pct"": 10.0, ""tp2_pct"": 16.0, ""tp3_pct"": 25.0, ""max_hold_hours"": 48, ""research_adj"": 0.0, ""bear_score"": 15.0, ""bear_veto"": false}",open,,,,,,,,,,,171.61,171.61,,1790893867.6214342,1790893867.6214342,0
